file	name	form	trigger	field	calls	writes	reads	fetches	integrations	hash
functions/backfill_assignment_ids.dg	backfill_assignment_ids		function		mint_assignment_id			Assignments	AppFunc	1617e3ab
functions/backfill_current_rate.dg	backfill_current_rate		function		set_current_rate			Partner_Rates	AppFunc	3c123aeb
functions/backfill_dm_full_names.dg	backfill_dm_full_names		function					Referrals_Main		7fb5fc52
functions/backfill_employee_ids.dg	backfill_employee_ids		function		mint_employee_id			Employees	AppFunc	ddc367a0
functions/backfill_employee_phone_format.dg	backfill_employee_phone_format		function					Employees		3acc5496
functions/backfill_location_ids.dg	backfill_location_ids		function		mint_location_id			Partner_Locations	AppFunc	1e73ebdd
functions/backfill_location_labels.dg	backfill_location_labels		function					Partner_Locations;Partners		813337b6
functions/backfill_partner_ids.dg	backfill_partner_ids		function		mint_partner_id			Partners	AppFunc	a9e05dea
functions/backfill_partner_poc_name_title.dg	backfill_partner_poc_name_title		function		set_partner_poc_name_title			Referrals_Main	AppFunc	d7999d8d
functions/backfill_patient_full_addresses.dg	backfill_patient_full_addresses		function					Referrals_Main		35d96835
functions/backfill_patient_full_names.dg	backfill_patient_full_names		function		set_patient_full_name			Referrals_Main	AppFunc	88b3340b
functions/backfill_referral_id_stamp.dg	backfill_referral_id_stamp		function					Referrals_Main		bec7bb7f
functions/backfill_referral_ids.dg	backfill_referral_ids		function		mint_referral_id			Referrals_Main	AppFunc	afc9eb5f
functions/get_partner_referral_contact.dg	get_partner_referral_contact		function							487418a6
functions/log_change.dg	log_change		function							da39a3ee
functions/mint_assignment_id.dg	mint_assignment_id		function					Assignments;Sequence_Tracker		9012ac26
functions/mint_employee_id.dg	mint_employee_id		function					Employees;Sequence_Tracker		abe6d187
functions/mint_location_id.dg	mint_location_id		function					Partner_Locations;Partners;Sequence_Tracker		3294e041
functions/mint_partner_id.dg	mint_partner_id		function					Partners;Sequence_Tracker		56af41ff
functions/mint_referral_id.dg	mint_referral_id		function					Referrals_Main;Sequence_Tracker		06f388e4
functions/run_schema_monitor.dg	run_schema_monitor		function		send_via_sendgrid				AppFunc;HTTP	ab5d237b
functions/seed_schema_to_github.dg	seed_schema_to_github		function						Email;HTTP	aac9159a
functions/send_via_sendgrid.dg	send_via_sendgrid		function						HTTP	a593170f
functions/set_current_rate.dg	set_current_rate		function					Partner_Rates		584a618b
functions/set_partner_poc_name_title.dg	set_partner_poc_name_title		function					Referrals_Main		c11204b4
functions/set_patient_full_name.dg	set_patient_full_name		function					Referrals_Main		21cacd0a
functions/test_github_commit.dg	test_github_commit		function						HTTP	ab2c18d1
functions/test_schema_connection.dg	test_schema_connection		function						HTTP	2eac0c3e
Assignments/OnLoad__Assignment_Lock_Immutable_Fields.dg	Assignment_Lock_Immutable	Assignments	OnLoad			Patient_DOB;Patient_First_Name;Patient_Last_Name;Patient_MI;Referral_Date				dbe9981e
Assignments/OnLoad__Assignment_Lock_Immutable_Fields.dg	Show_Hide_Facility_Name_P	Assignments	OnLoad			Facility_Name;Facility_Phone;Facility_Room_Number	Patient_Location			643f2c3e
Assignments/OnSuccess__Assignment_ID_Generator.dg	Assignment_ID_Generator	Assignments	OnSuccess		mint_assignment_id		ID		AppFunc	3a37234f
Assignments/OnUserInput__Patient_Location__Show_Hide_Facility_Name_P1.dg	Show_Hide_Facility_Name_P1	Assignments	OnUserInput	Patient_Location		Facility_Name;Facility_Phone;Facility_Room_Number	Patient_Location			643f2c3e
Assignments/OnUserInput__Referral_Link__Assignment_Pull_From_Refe.dg	Assignment_Pull_From_Refe	Assignments	OnUserInput	Referral_Link		Facility_Name;Facility_Phone;Facility_Room_Number;Patient_Address;Patient_DOB;Patient_First_Name;Patient_Last_Name;Patient_Location;Patient_MI;Referral_Date	Referral_Link	Referrals_Main		c0f4e795
Assignments/OnValidate__Assignment_Change_Log.dg	Assignment_Change_Log	Assignments	OnValidate		log_change		Accepted_Date;Assignment_ID;Assignment_Notes;Assignment_Status;Employee_Link;Facility_Name;Facility_Phone;Facility_Room_Number;ID;Patient_Address;Patient_Location;Scheduled_Visit_Date	Assignments;Employees	AppFunc	5c49cae4
Assignments/OnValidate__Assignment_Required_Referral.dg	Assignment_Required_Refer	Assignments	OnValidate				Employee_Link;Referral_Link			73873ac0
Employees/?__Portal_Access_By_Status.dg	Portal_Access_By_Status	Employees	OnSuccess				Employee_Email;Employee_Status		AppFunc	37e3d6cd
Employees/OnSuccess__Employee_ID_Generator.dg	Employee_ID_Generator	Employees	OnSuccess		mint_employee_id		ID		AppFunc	0c4b5ef2
Employees/OnSuccess__Employee_Name_Title_Generator.dg	Employee_Name_Title_Gener1	Employees	OnSuccess			Employee_Name_Title	Employee_First_Name;Employee_Last_Name;Employee_Title			95e69cc6
Employees/OnUserInput__Employee_Phone__Format.dg	Employee_Phone_Format	Employees	OnUserInput	Employee_Phone		Employee_Phone				7f3e194e
Employees/OnUserInput__Employee_Status__Show_Hide_Employee_Term_D.dg	Show_Hide_Employee_Term_D	Employees	OnUserInput	Employee_Status		Employee_Term_Date	Employee_Status			ce5ee626
Employees/OnValidate__Validate_Employee_Phone_B.dg	Validate_Employee_Phone_B	Employees	OnValidate				Employee_Phone			5fd3297e
Encounter_PatientVisit/OnLoad__Default_Hide_On_Load.dg	Default_Hide_On_Load	Encounter_PatientVisit	OnLoad			Additional_Information;Advanced_Directives_Details;Cares_3008_Completion_Section;Charges_Section;Diversion_Tracking_Section;Edit_Needed;Employee_First_Name;Employee_Full_Name;Employee_Initials;Employee_Last_Name;Employee_Name_Title;Employee_Title;Equipment_Charge_Amount;Equipment_Charge_Details;Facility_Name;Facility_Phone;Facility_Room_Number;Files_Upload_Section;Final_Clinical_Note_Section;Goals_of_Care;Imaging_Orders_Section;Invoice_Status;Lab_Orders_Section;List_Patient_Allergies;List_Patient_Anticoagulants;Other_Charges_Amount;Other_Charges_Details;PVS_ID;PVS_Referral_ID;Partner_ICD_Codes;Partner_ID;Partner_ID_Stamp;Partner_POC_First_Name;Partner_POC_Last_Name;Partner_POC_Title;Patient_Address;Patient_DOB;Patient_Email;Patient_First_Name;Patient_Full_Name;Patient_Gender;Patient_Hospice_ID;Patient_Last_Name;Patient_MI;Patient_Phone;Patient_SSN;Provider_ICD_Print;Reason_for_Referral;Referral_ID;Referral_ID_Stamp;Referral_Link;Referral_Partner_Section;System_Fields_Section;Type_of_Diversion;Type_of_Entry;Type_of_Procedure_Section;Visit_Cost_Drivers_Section	Has_Referral_ID			c5fa722e
Encounter_PatientVisit/OnLoad__Invoice_Status_Lock.dg	Invoice_Status_Lock	Encounter_PatientVisit	OnLoad			Additional_Charges;Additional_Information;Advanced_Directives_Details;After_Hours_Fee;Cares_3008_Completion_Date;Clinical_Note_File_Upload;Complexity_Charge;Complexity_Level;Diversion_Tracking;Edit_Needed;Equipment_Charge_Amount;Equipment_Charge_Details;Facility_Name;Facility_Phone;Facility_Room_Number;Final_Clinical_Note;General_Files_Upload;Goals_of_Care;Has_Referral_ID;Imaging_Order_Indication;Imaging_Ordered_Date;Imaging_Orders;Lab_Files_Upload;Lab_Order_Date;Lab_Order_Indication;Lab_Type_Orders;List_Patient_Allergies;List_Patient_Anticoagulants;Notes_3008;Other_Charges_Amount;Other_Charges_Details;PVS_File_Upload;Partner_ICD_Codes;Patient_Address;Patient_DOB;Patient_Display_Name;Patient_Email;Patient_First_Name;Patient_Full_Name;Patient_Gender;Patient_Hospice_ID;Patient_Last_Name;Patient_Location;Patient_MI;Patient_Phone;Patient_SSN;Primary_Diagnosis;Provider_ICD10_Codes_Link;Reason_for_Referral;Referral_Link;Super_Stat_Fee;Type_of_Diversion;Type_of_Entry;Type_of_Procedures;Upload_Imaging_Order_Files;Visit_Completion_Date;Was_3008_Completed	Clinical_Note_Type;Invoice_Status			da80d015
Encounter_PatientVisit/OnLoad__Provider_PreFill.dg	Pre_fills_provider_sectio	Encounter_PatientVisit	OnLoad			Employee_First_Name;Employee_Full_Name;Employee_Initials;Employee_Last_Name;Employee_Name_Title;Employee_Title		Employees		f1d7b650
Encounter_PatientVisit/OnSuccess__PVS_Stamp_Generator.dg	PVS_ID_Stamp_Generator	Encounter_PatientVisit	OnSuccess			PVS_ID;PVS_Referral_ID	Employee_Initials;Has_Referral_ID;Referral_ID	Sequence_Tracker		a2fbaed6
Encounter_PatientVisit/OnUserInput__Additional_Charges__Show_Hide.dg	Additional_Charges_Show_H	Encounter_PatientVisit	OnUserInput	Additional_Charges		Equipment_Charge_Amount;Equipment_Charge_Details;Other_Charges_Amount;Other_Charges_Details	Additional_Charges			815eef97
Encounter_PatientVisit/OnUserInput__Diversion_Tracking__Show_Hide.dg	Diversion_Type_Show_Hide	Encounter_PatientVisit	OnUserInput	Diversion_Tracking		Type_of_Diversion	Diversion_Tracking			73f3dd85
Encounter_PatientVisit/OnUserInput__Edit_Needed__Unlock.dg	Edit_Needed_Unlock	Encounter_PatientVisit	OnUserInput	Edit_Needed		Facility_Name;Facility_Phone;Facility_Room_Number;Partner_Branch;Partner_Organization;Partner_POC_Email;Partner_POC_Name_Title;Partner_POC_Phone;Partner_POC_Team;Patient_Address;Patient_DOB;Patient_Email;Patient_First_Name;Patient_Full_Name;Patient_Gender;Patient_Hospice_ID;Patient_Last_Name;Patient_MI;Patient_Phone;Patient_SSN	Edit_Needed;Has_Referral_ID			b6990480
Encounter_PatientVisit/OnUserInput__Has_Referral_ID__Show_Hide.dg	Has_Referral_ID_Show_Hide	Encounter_PatientVisit	OnUserInput	Has_Referral_ID		Additional_Information;Advanced_Directives_Details;Cares_3008_Completion_Section;Charges_Section;Diversion_Tracking_Section;Edit_Needed;Facility_Name;Facility_Phone;Facility_Room_Number;Files_Upload_Section;Final_Clinical_Note_Section;General_Files_Upload;Goals_of_Care;Imaging_Orders_Section;Lab_Orders_Section;List_Patient_Allergies;List_Patient_Anticoagulants;Partner_Branch;Partner_ICD_Codes;Partner_ID;Partner_ID_Stamp;Partner_Organization;Partner_POC_Email;Partner_POC_First_Name;Partner_POC_Last_Name;Partner_POC_Name_Title;Partner_POC_Phone;Partner_POC_Team;Partner_POC_Title;Patient_Address;Patient_DOB;Patient_Email;Patient_First_Name;Patient_Full_Name;Patient_Gender;Patient_Hospice_ID;Patient_Last_Name;Patient_Location;Patient_MI;Patient_Phone;Patient_SSN;Referral_Details_Section;Referral_ID;Referral_ID_Stamp;Referral_Link;Referral_Partner_Section;Type_of_Entry;Type_of_Procedure_Section;Visit_Cost_Drivers_Section	Has_Referral_ID			099f1c30
Encounter_PatientVisit/OnUserInput__Patient_Address__Build_Patient_Full_Addres.dg	Build_Patient_Full_Addres	Encounter_PatientVisit	OnUserInput	Patient_Address			Patient_Address			97e464e9
Encounter_PatientVisit/OnUserInput__Patient_Location__Facility_Show_Hide.dg	Facility_Fields_Show_Hide	Encounter_PatientVisit	OnUserInput	Patient_Location		Facility_Name;Facility_Phone;Facility_Room_Number	Patient_Location			643f2c3e
Encounter_PatientVisit/OnUserInput__Provider_ICD10_Codes_Link__Provider_ICD_Print_Builde.dg	Provider_ICD_Print_Builde	Encounter_PatientVisit	OnUserInput	Provider_ICD10_Codes_Link		Provider_ICD_Print	Provider_ICD10_Codes_Link			384d4395
Encounter_PatientVisit/OnUserInput__Referral_Link__PreFill.dg	Referral_Link_Pre_Fill	Encounter_PatientVisit	OnUserInput	Referral_Link		Additional_Information;Advanced_Directives_Details;Edit_Needed;Facility_Name;Facility_Phone;Facility_Room_Number;Goals_of_Care;List_Patient_Allergies;List_Patient_Anticoagulants;Partner_Branch;Partner_ICD_Codes;Partner_ID;Partner_ID_Stamp;Partner_Organization;Partner_POC_Email;Partner_POC_First_Name;Partner_POC_Last_Name;Partner_POC_Name_Title;Partner_POC_Phone;Partner_POC_Team;Partner_POC_Title;Patient_Address;Patient_DOB;Patient_Display_Name;Patient_Email;Patient_First_Name;Patient_Full_Name;Patient_Gender;Patient_Hospice_ID;Patient_Last_Name;Patient_Location;Patient_MI;Patient_Phone;Patient_SSN;Reason_for_Referral;Referral_ID;Referral_ID_Stamp;Referral_Partner_Section	Referral_Link	Referrals_Main		c040d636
Encounter_PatientVisit/OnUserInput__Type_of_Entry__Section_Visibility.dg	Entry_Type_Section_Visibi	Encounter_PatientVisit	OnUserInput	Type_of_Entry		Cares_3008_Completion_Section;Charges_Section;Diversion_Tracking_Section;Files_Upload_Section;Final_Clinical_Note_Section;Imaging_Orders_Section;Lab_Orders_Section;Referral_Details_Section;Type_of_Procedure_Section;Visit_Cost_Drivers_Section	Type_of_Entry			7a91cca5
Imaging_Orders/OnLoad__Imaging_Order_Provider_St.dg	Imaging_Order_Provider_St	Imaging_Orders	OnLoad			Provider_NPI;Provider_Signature_Link		Employees		051de2c7
Imaging_Orders/OnValidate__Imaging_Order_Provider_Ga.dg	Imaging_Order_Provider_Ga	Imaging_Orders	OnValidate					Employees		986f427f
Partner_Billing_Contacts/OnSuccess__Partner_Billing_Contact_Stamp_Generator.dg	Partner_Billing_Contact_S	Partner_Billing_Contacts	OnSuccess			Partner_Billing_Contact_ID_Stamp	ID			5ea63366
Partner_Billing_Contacts/OnUserInput__Partner_Billing_POC_Fax__Format.dg	Partner_Billing_POC_Fax_F	Partner_Billing_Contacts	OnUserInput	Partner_Billing_POC_Fax		Partner_Billing_POC_Fax				47e5eacc
Partner_Billing_Contacts/OnUserInput__Partner_Billing_POC_Phone__Format.dg	Partner_Billing_POC_Phone	Partner_Billing_Contacts	OnUserInput	Partner_Billing_POC_Phone		Partner_Billing_POC_Phone				eefccaff
Partner_Billing_Contacts/OnValidate__Partner_Billing_Contact_Branch_Match.dg	Partner_Billing_Contact_B	Partner_Billing_Contacts	OnValidate				Partner_Billing_POC_Fax;Partner_Billing_POC_Phone;Partner_Link;Partner_Location_Link	Partner_Locations		0a353608
Partner_Contracts/OnSuccess__Partner_Contract_ID_Stamp_Generator.dg	Partner_Contract_ID_Stamp	Partner_Contracts	OnSuccess				ID			947d0d94
Partner_Contracts/OnValidate__Partner_Contract_Branch_Match.dg	Partner_Contract_Branch_M	Partner_Contracts	OnValidate				Partner_Link;Partner_Location_Link	Partner_Locations		03708d75
Partner_Locations/OnSuccess__LOC_ID_Generator.dg	LOC_ID_Generator	Partner_Locations	OnSuccess		mint_location_id		ID		AppFunc	b7d237f2
Partner_Locations/OnSuccess__Location_Label_Generator.dg	Location_Label_Generator	Partner_Locations	OnSuccess			Partner_Location_Label	Partner_Link;Partner_Location_Code	Partners		40527ae3
Partner_Locations/OnSuccess__Primary_Office_Auto_Demote.dg	Primary_Office_Auto_Demot	Partner_Locations	OnSuccess				ID;Partner_Link;Primary_Office	Partner_Locations		dae7e672
Partner_Locations/OnValidate__LOC_Required_Codes.dg	LOC_Required_Codes	Partner_Locations	OnValidate				Partner_Link;Partner_Location_Code	Partners		580a6203
Partner_Locations/OnValidate__Partner_Link_Lock.dg	LOC_Partner_Lock	Partner_Locations	OnValidate				ID;Partner_Link	Partner_Locations		36b62fd2
Partner_Locations/OnValidate__Primary_Office_OnePerPartner.dg	Partner_Location_Primary_	Partner_Locations	OnValidate				ID;Partner_Link;Primary_Office	Partner_Locations		de85b7a7
Partner_Rates/OnSuccess__Partner_Rate_Current_Flag_Generator.dg	Partner_Rate_Current_Flag	Partner_Rates	OnSuccess		set_current_rate		ID		AppFunc	5fa1e89d
Partner_Rates/OnSuccess__Partner_Rate_Stamp_Generator.dg	Partner_Rate_Stamp_Genera1	Partner_Rates	OnSuccess			Partner_Rate_ID_Stamp	ID			f6ef0edb
Partner_Rates/OnSuccess__Partner_Rate_Stamp_Generator.dg	Partner_Rate_Partner_Stam	Partner_Rates	OnSuccess							da39a3ee
Partner_Rates/OnValidate__Partner_Rate_Branch_Match.dg	Partner_Rate_Branch_Match	Partner_Rates	OnValidate				Partner_Link;Partner_Location_Link	Partner_Locations		03708d75
Partners/OnSuccess__PAR_ID_Generator.dg	PAR_ID_Generator	Partners	OnSuccess		mint_partner_id		ID		AppFunc	462bf281
Partners/OnValidate__PAR_Required_Code.dg	PAR_Required_Code1	Partners	OnValidate			Partner_Code	ID	Partners		e335fce9
Referrals_Main/OnLoad__Default_Hide_On_Load.dg	Default_Hide_On_Load1	Referrals_Main	OnLoad			Patient_Full_Address				b8979819
Referrals_Main/OnSuccess__Partner_Contact_Upsert.dg	Partner_Contact_Upsert	Referrals_Main	OnSuccess				Partner_Branch;Partner_Organization;Partner_POC_Email;Partner_POC_First_Name;Partner_POC_Last_Name;Partner_POC_Phone;Partner_POC_Team;Partner_POC_Title			62297551
Referrals_Main/OnSuccess__Partner_POC_Name_Title_Generator.dg	Partner_POC_Name_Title_Ge1	Referrals_Main	OnSuccess			Partner_POC_Name_Title	Partner_POC_First_Name;Partner_POC_Last_Name;Partner_POC_Title			d2dcfa73
Referrals_Main/OnSuccess__Patient_Full_Name_Generator.dg	Patient_Full_Name_Generat1	Referrals_Main	OnSuccess			Patient_Full_Name	Patient_First_Name;Patient_Last_Name;Patient_MI			8161cbd1
Referrals_Main/OnSuccess__REF_ID_Generator.dg	REF_ID_Generator1	Referrals_Main	OnSuccess		mint_referral_id		ID		AppFunc	4bbfc647
Referrals_Main/OnUserInput__DM_Last_Name__Build_DM_Full_Name.dg	DM_Full_Name_Generator	Referrals_Main	OnUserInput	DM_Last_Name		DM_Full_Name	DM_First_Name;DM_Last_Name			162a50ce
Referrals_Main/OnUserInput__Decision_Maker_Phone__Format.dg	Decision_Maker_Phone_Form1	Referrals_Main	OnUserInput	Decision_Maker_Phone		Decision_Maker_Phone				434a08cb
Referrals_Main/OnUserInput__Facility_Phone__Format.dg	Facility_Phone_Format1	Referrals_Main	OnUserInput	Facility_Phone		Facility_Phone				753a0293
Referrals_Main/OnUserInput__Partner_POC_Phone__Format.dg	Referral_Partner_POC_Phon	Referrals_Main	OnUserInput	Partner_POC_Phone		Partner_POC_Phone				f9bb40c9
Referrals_Main/OnUserInput__Patient_Address__Build_Full_Address.dg	Build_Patient_Full_Addres1	Referrals_Main	OnUserInput	Patient_Address		Patient_Full_Address	Patient_Address			61bbd166
Referrals_Main/OnUserInput__Patient_Phone__Format.dg	Patient_Phone_Format1	Referrals_Main	OnUserInput	Patient_Phone		Patient_Phone				79124e82
Referrals_Main/OnUserInput__Patient_SSN__Format.dg	SSN_Format1	Referrals_Main	OnUserInput	Patient_SSN		Patient_SSN				518381ab
